id,created_at,carrera_cbtis,ranking_holland,perfil_top3,metodo_recomend,carrera_rec_1,carrera_rec_2,carrera_rec_3,carrera_rec_4,carrera_rec_5,considerada_1,considerada_2,considerada_3,escogida_1,escogida_2,escogida_3,utilidad_general
6,2026-04-14 20:18:45.102579+00,Ofimatica,"S,A,I,R,E,C",SAI,red_neuronal,Lic. en Música,Lic. en Actuación,Lic. en Docencia del Idioma Inglés,Lic. en Docencia de Francés y Español,Lic. en Psicología,No,No,Si,No,Si,Si,"Si, me ayudaron a aclarar mis opciones"
7,2026-04-14 20:21:50.951519+00,Programacion,"E,C,R,I,A,S",ECR,red_neuronal,Lic. en Agronegocios,Ing. Industrial Estadístico,Ing. Civil,Lic. en Logística Empresarial,Ing. en Manufactura y Automatización Industrial,No,Si,Si,No,Tal vez,Si,"Si, me ayudaron a aclarar mis opciones"
8,2026-04-14 20:23:27.6737+00,Programacion,"S,E,C,R,I,A",SEC,red_neuronal,Lic. en Relaciones Industriales,Lic. en Derecho,Lic. en Administración y Gestión Fiscal de PYMES,Lic. en Comercio Internacional,Lic. en Trabajo Social,No,No,Si,No,No,Si,"No, las opciones no encajan con mis intereses"
9,2026-04-14 20:25:11.239747+00,Programacion,"I,R,A,E,C,S",IRA,red_neuronal,Ing. en Computación Inteligente,Lic. en Desarrollo de Videojuegos y Entornos Virtuales,Ing. en Sistemas Computacionales,Ing. Robótica,Lic. en Diseño Industrial,Si,Si,Si,Si,Si,Si,"Si, me ayudaron a aclarar mis opciones"
10,2026-04-14 20:31:04.284211+00,Programacion,"E,R,I,C,A,S",ERI,red_neuronal,Ing. en Electrónica,Ing. Automotriz,Ing. en Diseño Mecánico,Lic. en Agronegocios,Ing. Industrial Estadístico,No,No,No,No,No,No,"Si, me ayudaron a aclarar mis opciones"
11,2026-04-14 20:31:51.373476+00,Programacion,"I,R,A,E,S,C",IRA,red_neuronal,Lic. en Desarrollo de Videojuegos y Entornos Virtuales,Lic. en Música,Ing. en Sistemas Computacionales,Lic. en Arquitectura,Ing. en Computación Inteligente,Si,No,Si,Si,No,Si,"Si, me ayudaron a aclarar mis opciones"
12,2026-04-14 20:35:27.899049+00,Ofimatica,"S,I,R,A,E,C",SIR,red_neuronal,Lic. en Enfermería,Lic. en Música,Lic. en Terapia Física,Médico Veterinario Zootecnista,Lic. en Biología,No,Si,Si,No,Si,Si,"Fueron algo utiles, pero aun tengo dudas"
13,2026-04-14 20:36:28.496784+00,Ofimatica,"E,R,I,C,A,S",ERI,red_neuronal,Ing. en Electrónica,Ing. Automotriz,Ing. en Diseño Mecánico,Lic. en Agronegocios,Ing. Industrial Estadístico,No,No,No,No,No,No,"Fueron algo utiles, pero aun tengo dudas"
14,2026-04-14 20:38:00.998211+00,Ofimatica,"E,C,R,I,S,A",ECR,red_neuronal,Lic. en Agronegocios,Ing. Industrial Estadístico,Ing. Civil,Ing. en Manufactura y Automatización Industrial,Lic. en Logística Empresarial,Si,Si,Si,Si,Si,Si,"Si, me ayudaron a aclarar mis opciones"
15,2026-04-14 20:42:10.799322+00,Programacion,"I,R,E,S,A,C",IRE,red_neuronal,Ing. Biomédica,Médico Veterinario Zootecnista,Ing. Bioquímico,Médico Estomatólogo,Ing. Agrónomo,No,No,No,No,Tal vez,No,"No, las opciones no encajan con mis intereses"
16,2026-04-14 20:46:18.229352+00,Programacion,"E,I,R,S,C,A",EIR,red_neuronal,Ing. Biomédica,Ing. Bioquímico,Ing. Automotriz,Ing. en Computación Inteligente,Ing. Agrónomo,No,No,No,Tal vez,No,Tal vez,"Si, me ayudaron a aclarar mis opciones"
17,2026-04-14 20:49:03.722099+00,Ofimatica,"R,I,C,E,S,A",RIC,red_neuronal,Ing. Agrónomo,Ing. en Energías Renovables,Lic. en Biotecnología,Ing. en Alimentos,Ing. Bioquímico,No,No,No,No,No,Si,"No, las opciones no encajan con mis intereses"
18,2026-04-14 20:54:27.802793+00,Ofimatica,"S,I,E,A,R,C",SIE,red_neuronal,Lic. en Psicología,Lic. en Ciencias Políticas y Administración Pública,Lic. en Relaciones Industriales,Lic. en Docencia de Francés y Español,Lic. en Docencia del Idioma Inglés,No,No,No,No,No,No,"Fueron algo utiles, pero aun tengo dudas"
19,2026-04-14 21:17:02.539847+00,Programacion,"S,E,R,C,A,I",SER,red_neuronal,Lic. en Cultura Física y Deporte,Lic. en Gestión Turística,Lic. en Comunicación Corporativa Estratégica,Lic. en Comercio Internacional,Lic. en Terapia Física,No,No,No,Tal vez,No,No,"Fueron algo utiles, pero aun tengo dudas"
20,2026-04-14 21:47:00.667569+00,Programacion,"A,I,E,R,C,S",AIE,red_neuronal,Lic. en Desarrollo de Videojuegos y Entornos Virtuales,Lic. en Diseño Industrial,Lic. en Filosofía,Lic. en Letras Hispánicas,Lic. en Arquitectura,Si,No,No,Tal vez,No,No,"Fueron algo utiles, pero aun tengo dudas"
21,2026-04-14 21:49:02.911002+00,Programacion,"R,A,S,E,I,C",RAS,red_neuronal,Lic. en Música,Lic. en Artes Cinematográficas y Audiovisuales,Lic. en Actuación,Médico Estomatólogo,Médico Veterinario Zootecnista,Si,Si,Si,Si,Si,Si,"Si, me ayudaron a aclarar mis opciones"
22,2026-04-14 21:59:10.862876+00,Ofimatica,"S,E,A,I,R,C",SEA,red_neuronal,Lic. en Psicología,Lic. en Actuación,Lic. en Comunicación e Información,Lic. en Comunicación Corporativa Estratégica,Lic. en Trabajo Social,Si,No,Si,Si,No,Si,"Si, me ayudaron a aclarar mis opciones"
23,2026-04-14 21:59:28.535814+00,Ofimatica,"I,R,C,E,A,S",IRC,red_neuronal,Ing. en Computación Inteligente,Ing. en Sistemas Computacionales,Lic. en Biotecnología,Ing. en Alimentos,Ing. Robótica,Si,Si,No,Si,Si,Tal vez,"Si, me ayudaron a aclarar mis opciones"
24,2026-04-14 22:04:34.247539+00,Programacion,"S,C,E,I,R,A",SCE,red_neuronal,Lic. en Relaciones Industriales,Lic. en Trabajo Social,Lic. en Administración y Gestión Fiscal de PYMES,Lic. en Nutrición,Lic. en Administración Financiera,No,No,No,No,No,No,"No, las opciones no encajan con mis intereses"
25,2026-04-14 22:06:26.283542+00,Ofimatica,"E,S,A,R,I,C",ESA,red_neuronal,Lic. en Cultura Física y Deporte,Lic. en Diseño de Interiores,Lic. en Actuación,Lic. en Diseño Gráfico,Lic. en Comunicación Corporativa Estratégica,No,Si,Si,No,Tal vez,Si,"Si, me ayudaron a aclarar mis opciones"
26,2026-04-14 22:07:40.569376+00,Ofimatica,"A,S,E,R,C,I",ASE,red_neuronal,Lic. en Actuación,Lic. en Diseño de Interiores,Lic. en Diseño de Moda en Indumentaria y Textiles,Lic. en Diseño Gráfico,Lic. en Cultura Física y Deporte,Si,Si,Si,Si,Tal vez,Si,"Si, me ayudaron a aclarar mis opciones"
27,2026-04-14 22:20:24.19736+00,Programacion,"E,S,C,A,I,R",ESC,red_neuronal,Lic. en Comunicación Corporativa Estratégica,Lic. en Derecho,Lic. en Gestión Turística,Lic. en Trabajo Social,Lic. en Relaciones Industriales,No,Si,No,Tal vez,Tal vez,No,"Si, me ayudaron a aclarar mis opciones"
28,2026-04-14 22:24:49.61422+00,Ofimatica,"A,S,E,R,I,C",ASE,red_neuronal,Lic. en Actuación,Lic. en Artes Cinematográficas y Audiovisuales,Lic. en Diseño de Interiores,Lic. en Diseño de Moda en Indumentaria y Textiles,Lic. en Diseño Gráfico,Si,Si,Si,No,Tal vez,Tal vez,"Si, me ayudaron a aclarar mis opciones"
29,2026-04-14 22:33:30.915014+00,Programacion,"I,S,R,A,C,E",ISR,red_neuronal,Lic. en Biología,Médico Cirujano,Lic. en Optometría,Químico Farmacéutico Biólogo,Lic. en Sociología,Si,Si,No,Tal vez,Si,No,"Fueron algo utiles, pero aun tengo dudas"
30,2026-04-14 22:53:42.52037+00,Programacion,"S,I,R,E,C,A",SIR,red_neuronal,Lic. en Terapia Física,Lic. en Enfermería,Médico Cirujano,Lic. en Optometría,Lic. en Biología,No,No,No,No,No,No,"No, las opciones no encajan con mis intereses"
31,2026-04-14 22:57:29.236454+00,Programacion,"R,E,I,C,S,A",REI,red_neuronal,Ing. Automotriz,Ing. en Electrónica,Ing. Industrial Estadístico,Ing. Agrónomo,Ing. en Manufactura y Automatización Industrial,No,No,No,No,No,No,"No, las opciones no encajan con mis intereses"
32,2026-04-14 23:20:42.024371+00,Programacion,"S,R,E,C,I,A",SRE,red_neuronal,Lic. en Cultura Física y Deporte,Lic. en Terapia Física,Lic. en Enfermería,Médico Veterinario Zootecnista,Médico Estomatólogo,Si,Si,Si,Si,Si,Si,"Si, me ayudaron a aclarar mis opciones"
33,2026-04-14 23:28:53.215591+00,Programacion,"S,A,I,R,E,C",SAI,red_neuronal,Lic. en Música,Lic. en Actuación,Lic. en Docencia del Idioma Inglés,Lic. en Docencia de Francés y Español,Lic. en Psicología,No,No,No,No,No,No,"No, las opciones no encajan con mis intereses"
34,2026-04-14 23:34:00.502742+00,Programacion,"E,S,R,I,C,A",ESR,red_neuronal,Lic. en Cultura Física y Deporte,Ing. Automotriz,Lic. en Derecho,Lic. en Comercio Internacional,Lic. en Agronegocios,No,No,No,Tal vez,No,No,"Fueron algo utiles, pero aun tengo dudas"
35,2026-04-14 23:34:03.787867+00,Ofimatica,"A,S,I,C,E,R",ASI,red_neuronal,Lic. en Docencia de Francés y Español,Lic. en Comunicación e Información,Lic. en Docencia del Idioma Inglés,Lic. en Letras Hispánicas,Lic. en Filosofía,No,Si,No,No,No,No,"Fueron algo utiles, pero aun tengo dudas"
36,2026-04-14 23:35:00.27502+00,Ofimatica,"S,I,R,A,C,E",SIR,red_neuronal,Lic. en Enfermería,Lic. en Terapia Física,Lic. en Biología,Médico Cirujano,Lic. en Optometría,No,No,Si,No,No,Si,"Si, me ayudaron a aclarar mis opciones"
37,2026-04-14 23:38:28.418435+00,Programacion,"S,I,R,C,E,A",SIR,red_neuronal,Lic. en Terapia Física,Lic. en Enfermería,Médico Cirujano,Lic. en Optometría,Lic. en Nutrición,No,Si,Si,Tal vez,Tal vez,Tal vez,"Si, me ayudaron a aclarar mis opciones"
38,2026-04-14 23:41:52.810099+00,Programacion,"S,E,I,C,A,R",SEI,red_neuronal,Lic. en Ciencias Políticas y Administración Pública,Lic. en Trabajo Social,Lic. en Relaciones Industriales,Lic. en Derecho,Lic. en Nutrición,No,No,No,No,No,No,"No, las opciones no encajan con mis intereses"
39,2026-04-15 00:01:52.240036+00,Programacion,"S,I,C,E,A,R",SIC,red_neuronal,Lic. en Nutrición,Lic. en Asesoría Psicopedagógica,Lic. en Sociología,Lic. en Psicología,Lic. en Trabajo Social,Si,No,No,No,No,No,"Fueron algo utiles, pero aun tengo dudas"
40,2026-04-15 00:24:31.929895+00,Programacion,"S,R,I,E,C,A",SRI,red_neuronal,Lic. en Enfermería,Lic. en Terapia Física,Médico Veterinario Zootecnista,Médico Estomatólogo,Lic. en Cultura Física y Deporte,No,No,No,No,No,No,"No, las opciones no encajan con mis intereses"
41,2026-04-15 00:31:23.482232+00,Programacion,"S,E,A,C,R,I",SEA,red_neuronal,Lic. en Gestión Turística,Lic. en Cultura Física y Deporte,Lic. en Comunicación Corporativa Estratégica,Lic. en Trabajo Social,Lic. en Derecho,Si,Si,Si,Si,Si,Si,"Si, me ayudaron a aclarar mis opciones"
42,2026-04-15 00:34:06.194685+00,Programacion,"S,E,A,C,R,I",SEA,red_neuronal,Lic. en Gestión Turística,Lic. en Cultura Física y Deporte,Lic. en Comunicación Corporativa Estratégica,Lic. en Trabajo Social,Lic. en Derecho,Si,Si,Si,Si,Si,Si,"Si, me ayudaron a aclarar mis opciones"
43,2026-04-15 01:35:24.349719+00,Programacion,"R,I,S,C,E,A",RIS,red_neuronal,Médico Veterinario Zootecnista,Médico Estomatólogo,Lic. en Biología,Químico Farmacéutico Biólogo,Médico Cirujano,No,No,No,No,No,No,"No, las opciones no encajan con mis intereses"
44,2026-04-15 01:40:14.240666+00,Programacion,"S,I,E,R,C,A",SIE,red_neuronal,Lic. en Nutrición,Lic. en Ciencias Políticas y Administración Pública,Lic. en Optometría,Médico Cirujano,Lic. en Terapia Física,Si,No,No,Tal vez,No,No,"Si, me ayudaron a aclarar mis opciones"
45,2026-04-15 01:52:28.709293+00,Construccion,"A,R,I,E,S,C",ARI,red_neuronal,Lic. en Música,Lic. en Diseño Industrial,Lic. en Desarrollo de Videojuegos y Entornos Virtuales,Lic. en Artes Cinematográficas y Audiovisuales,Lic. en Arquitectura,No,No,Si,Tal vez,No,Si,"Si, me ayudaron a aclarar mis opciones"
46,2026-04-15 02:28:43.306218+00,Programacion,"S,A,E,I,R,C",SAE,red_neuronal,Lic. en Actuación,Lic. en Comunicación e Información,Lic. en Psicología,Lic. en Docencia del Idioma Inglés,Lic. en Docencia de Francés y Español,Si,Si,Si,Si,Si,Si,"Si, me ayudaron a aclarar mis opciones"
47,2026-04-15 02:29:36.689797+00,Programacion,"S,R,A,C,E,I",SRA,red_neuronal,Lic. en Cultura Física y Deporte,Lic. en Terapia Física,Lic. en Enfermería,Lic. en Actuación,Médico Veterinario Zootecnista,No,No,No,No,No,No,"No, las opciones no encajan con mis intereses"
48,2026-04-15 02:42:35.783861+00,Ofimatica,"A,S,C,E,R,I",ASC,red_neuronal,Lic. en Actuación,Lic. en Comunicación e Información,Lic. en Diseño de Interiores,Lic. en Diseño Gráfico,Lic. en Docencia del Idioma Inglés,No,No,Si,No,Tal vez,Si,"Fueron algo utiles, pero aun tengo dudas"
49,2026-04-15 02:54:03.440378+00,Ofimatica,"C,E,R,S,I,A",CER,red_neuronal,Lic. en Logística Empresarial,Lic. en Administración de la Producción y Servicios,Ing. Industrial Estadístico,Lic. en Administración y Gestión Fiscal de PYMES,Lic. en Agronegocios,No,No,No,No,Tal vez,No,"No, las opciones no encajan con mis intereses"
50,2026-04-15 03:00:00.252724+00,Programacion,"S,E,R,I,C,A",SER,red_neuronal,Lic. en Cultura Física y Deporte,Lic. en Terapia Física,Lic. en Enfermería,Médico Veterinario Zootecnista,Lic. en Trabajo Social,No,No,Si,No,No,Tal vez,"No, las opciones no encajan con mis intereses"
51,2026-04-15 03:34:31.476981+00,Programacion,"R,E,I,C,A,S",REI,red_neuronal,Ing. en Electrónica,Ing. Robótica,Ing. Automotriz,Ing. en Diseño Mecánico,Ing. en Energías Renovables,Si,No,No,Tal vez,Tal vez,No,"Fueron algo utiles, pero aun tengo dudas"
52,2026-04-15 03:59:18.464622+00,Programacion,"A,I,R,S,C,E",AIR,red_neuronal,Lic. en Música,Lic. en Desarrollo de Videojuegos y Entornos Virtuales,Lic. en Letras Hispánicas,Lic. en Filosofía,Lic. en Urbanismo,No,Si,No,Tal vez,Tal vez,No,"Fueron algo utiles, pero aun tengo dudas"
53,2026-04-15 04:01:37.538487+00,Programacion,"S,I,C,A,R,E",SIC,red_neuronal,Lic. en Asesoría Psicopedagógica,Lic. en Sociología,Lic. en Docencia del Idioma Inglés,Lic. en Nutrición,Lic. en Docencia de Francés y Español,No,No,No,No,No,No,"No, las opciones no encajan con mis intereses"
54,2026-04-15 04:09:32.548436+00,Programacion,"S,E,A,R,C,I",SEA,red_neuronal,Lic. en Cultura Física y Deporte,Lic. en Gestión Turística,Lic. en Actuación,Lic. en Comunicación Corporativa Estratégica,Lic. en Diseño de Interiores,No,Si,Si,Tal vez,Si,Si,"Fueron algo utiles, pero aun tengo dudas"
55,2026-04-15 04:14:21.067282+00,Programacion,"E,I,R,S,C,A",EIR,red_neuronal,Ing. Biomédica,Ing. Bioquímico,Ing. Automotriz,Ing. en Computación Inteligente,Ing. Agrónomo,No,No,Si,Tal vez,Tal vez,Si,"Si, me ayudaron a aclarar mis opciones"
56,2026-04-15 05:59:53.798895+00,Programacion,"R,S,A,I,E,C",RSA,red_neuronal,Lic. en Música,Médico Veterinario Zootecnista,Médico Estomatólogo,Lic. en Actuación,Lic. en Terapia Física,No,No,No,No,No,No,"No, las opciones no encajan con mis intereses"
57,2026-04-15 12:14:23.889983+00,Ofimatica,"S,E,R,I,C,A",SER,red_neuronal,Lic. en Cultura Física y Deporte,Lic. en Terapia Física,Lic. en Enfermería,Médico Veterinario Zootecnista,Lic. en Trabajo Social,Si,Si,No,Tal vez,Tal vez,No,"Fueron algo utiles, pero aun tengo dudas"
58,2026-04-15 14:22:40.303381+00,Programacion,"S,E,R,C,I,A",SER,red_neuronal,Lic. en Cultura Física y Deporte,Lic. en Gestión Turística,Lic. en Terapia Física,Lic. en Enfermería,Lic. en Comercio Internacional,No,No,No,No,Tal vez,Tal vez,"Fueron algo utiles, pero aun tengo dudas"
59,2026-04-15 14:23:48.321762+00,Programacion,"S,I,A,R,C,E",SIA,red_neuronal,Lic. en Docencia del Idioma Inglés,Lic. en Docencia de Francés y Español,Lic. en Psicología,Lic. en Sociología,Lic. en Enfermería,No,No,No,No,No,No,"No, las opciones no encajan con mis intereses"
60,2026-04-15 14:24:29.017837+00,Programacion,"R,I,E,S,C,A",RIE,red_neuronal,Médico Veterinario Zootecnista,Médico Estomatólogo,Ing. Agrónomo,Ing. Biomédica,Ing. en Energías Renovables,No,No,No,No,No,No,"No, las opciones no encajan con mis intereses"
61,2026-04-15 14:27:03.582275+00,Ofimatica,"S,I,E,A,R,C",SIE,red_neuronal,Lic. en Psicología,Lic. en Ciencias Políticas y Administración Pública,Lic. en Relaciones Industriales,Lic. en Docencia de Francés y Español,Lic. en Docencia del Idioma Inglés,No,Si,No,No,Si,No,"Si, me ayudaron a aclarar mis opciones"
62,2026-04-15 14:27:19.021654+00,Programacion,"S,E,C,I,R,A",SEC,red_neuronal,Lic. en Trabajo Social,Lic. en Relaciones Industriales,Lic. en Derecho,Lic. en Ciencias Políticas y Administración Pública,Lic. en Comercio Internacional,Si,Si,Si,Si,Si,Si,"Si, me ayudaron a aclarar mis opciones"
63,2026-04-15 14:32:26.085934+00,Ofimatica,"R,E,S,I,A,C",RES,red_neuronal,Médico Veterinario Zootecnista,Médico Estomatólogo,Ing. Automotriz,Lic. en Música,Lic. en Terapia Física,No,No,Si,No,No,Si,"Si, me ayudaron a aclarar mis opciones"
64,2026-04-15 14:34:25.996751+00,Ofimatica,"S,A,I,R,C,E",SAI,red_neuronal,Lic. en Docencia de Francés y Español,Lic. en Docencia del Idioma Inglés,Lic. en Música,Lic. en Actuación,Lic. en Psicología,No,No,No,No,Si,Tal vez,"Si, me ayudaron a aclarar mis opciones"
65,2026-04-15 14:38:17.568809+00,Ofimatica,"S,C,R,E,A,I",SCR,red_neuronal,Lic. en Terapia Física,Lic. en Enfermería,Lic. en Administración y Gestión Fiscal de PYMES,Lic. en Cultura Física y Deporte,Lic. en Comercio Internacional,No,Si,No,No,Si,No,"Si, me ayudaron a aclarar mis opciones"
66,2026-04-15 16:41:23.79757+00,Programacion,"A,R,E,I,S,C",ARE,red_neuronal,Lic. en Artes Cinematográficas y Audiovisuales,Lic. en Diseño Industrial,Lic. en Arquitectura,Lic. en Música,Lic. en Diseño de Interiores,No,No,No,Tal vez,Tal vez,No,"Fueron algo utiles, pero aun tengo dudas"
67,2026-04-15 19:32:47.671337+00,Programacion,"S,E,I,C,R,A",SEI,red_neuronal,Lic. en Ciencias Políticas y Administración Pública,Lic. en Trabajo Social,Lic. en Relaciones Industriales,Lic. en Nutrición,Lic. en Derecho,Si,No,Si,No,No,Si,"Fueron algo utiles, pero aun tengo dudas"
68,2026-04-15 20:04:17.368303+00,Programacion,"C,R,S,I,E,A",CRS,red_neuronal,Lic. en Administración y Gestión Fiscal de PYMES,Lic. en Logística Empresarial,Lic. en Administración Financiera,Químico Farmacéutico Biólogo,Lic. en Terapia Física,No,No,No,Tal vez,Tal vez,Si,"Fueron algo utiles, pero aun tengo dudas"
69,2026-04-15 20:30:19.536435+00,Programacion,"S,E,C,R,A,I",SEC,red_neuronal,Lic. en Gestión Turística,Lic. en Cultura Física y Deporte,Lic. en Comercio Internacional,Lic. en Comunicación Corporativa Estratégica,Lic. en Trabajo Social,No,No,No,No,No,Tal vez,"No, las opciones no encajan con mis intereses"
70,2026-04-16 12:34:47.220292+00,Programacion,"A,R,I,C,S,E",ARI,red_neuronal,Lic. en Música,Lic. en Desarrollo de Videojuegos y Entornos Virtuales,Lic. en Diseño Industrial,Lic. en Arquitectura,Lic. en Letras Hispánicas,No,Si,No,No,Tal vez,No,"Fueron algo utiles, pero aun tengo dudas"
71,2026-04-16 13:41:59.732319+00,Ofimatica,"S,R,I,C,E,A",SRI,red_neuronal,Lic. en Terapia Física,Lic. en Enfermería,Médico Veterinario Zootecnista,Médico Estomatólogo,Lic. en Optometría,No,No,No,No,No,No,"No, las opciones no encajan con mis intereses"
72,2026-04-16 13:42:56.606335+00,Ofimatica,"S,E,C,I,R,A",SEC,red_neuronal,Lic. en Trabajo Social,Lic. en Relaciones Industriales,Lic. en Derecho,Lic. en Ciencias Políticas y Administración Pública,Lic. en Comercio Internacional,No,No,No,No,No,No,"Si, me ayudaron a aclarar mis opciones"
73,2026-04-17 02:48:28.908046+00,Programacion,"R,C,I,A,S,E",RCI,red_neuronal,Químico Farmacéutico Biólogo,Ing. en Alimentos,Lic. en Biotecnología,Lic. en Matemáticas Aplicadas,Lic. en Informática y Tecnologías Computacionales,No,No,No,No,No,No,"No, las opciones no encajan con mis intereses"